{
  "images" : [
    {
      "idiom" : "iphone",
      "size" : "20x20",
      "scale" : "2x",
	  "filename" : "app_icon_40.png"
    },
    {
      "idiom" : "iphone",
      "size" : "20x20",
      "scale" : "3x",
	  "filename" : "app_icon_60.png"
    },
    {
      "idiom" : "iphone",
      "size" : "29x29",
      "scale" : "2x",
	  "filename" : "app_icon_58.png"
    },
    {
      "idiom" : "iphone",
      "size" : "29x29",
      "scale" : "3x",
	  "filename" : "app_icon_89.png"
    },
    {
      "idiom" : "iphone",
      "size" : "40x40",
      "scale" : "2x",
	  "filename" : "app_icon_80.png"
    },
    {
      "idiom" : "iphone",
      "size" : "40x40",
      "scale" : "3x",
	  "filename" : "app_icon_120.png"
    },
    {
      "size" : "60x60",
      "idiom" : "iphone",
      "scale" : "2x",
	  "filename" : "app_icon_120.png"
    },
    {
      "size" : "60x60",
      "idiom" : "iphone",
      "scale" : "3x",
	  "filename" : "app_icon_180.png"
    },
    {
      "size" : "1024x1024",
      "idiom" : "ios-marketing",
      "scale" : "1x",
	  "filename" : "ios_marketing.png"
    }
  ],
  "info" : {
    "version" : 1,
    "author" : "xcode"
  }
}